Letter,Position
M,1
A,2
S,3
N,4
D,5
Y,6
T,7
Q,8
Q,9
A,10
T,11
Q,12
S,13
Y,14
G,15
A,16
Y,17
P,18
T,19
Q,20
P,21
G,22
Q,23
G,24
Y,25
S,26
Q,27
Q,28
S,29
S,30
Q,31
P,32
Y,33
G,34
Q,35
Q,36
S,37
Y,38
S,39
G,40
Y,41
S,42
Q,43
S,44
T,45
D,46
T,47
S,48
G,49
Y,50
G,51
Q,52
S,53
S,54
Y,55
S,56
S,57
Y,58
G,59
Q,60
S,61
Q,62
N,63
T,64
G,65
Y,66
G,67
T,68
Q,69
S,70
T,71
P,72
Q,73
G,74
Y,75
G,76
S,77
T,78
G,79
G,80
Y,81
G,82
S,83
S,84
Q,85
S,86
S,87
Q,88
S,89
S,90
Y,91
G,92
Q,93
Q,94
S,95
S,96
Y,97
P,98
G,99
Y,100
G,101
Q,102
Q,103
P,104
A,105
P,106
S,107
S,108
T,109
S,110
G,111
S,112
Y,113
G,114
S,115
S,116
S,117
Q,118
S,119
S,120
S,121
Y,122
G,123
Q,124
P,125
Q,126
S,127
G,128
S,129
Y,130
S,131
Q,132
Q,133
P,134
S,135
Y,136
G,137
G,138
Q,139
Q,140
Q,141
S,142
Y,143
G,144
Q,145
Q,146
Q,147
S,148
Y,149
N,150
P,151
P,152
Q,153
G,154
Y,155
G,156
Q,157
Q,158
N,159
Q,160
Y,161
N,162
S,163
S,164
S,165
G,166
G,167
G,168
G,169
G,170
G,171
G,172
G,173
G,174
G,175
N,176
Y,177
G,178
Q,179
D,180
Q,181
S,182
S,183
M,184
S,185
S,186
G,187
G,188
G,189
S,190
G,191
G,192
G,193
Y,194
G,195
N,196
Q,197
D,198
Q,199
S,200
G,201
G,202
G,203
G,204
S,205
G,206
G,207
Y,208
G,209
Q,210
Q,211
D,212
R,213
G,214
G,215
R,216
G,217
R,218
G,219
G,220
S,221
G,222
G,223
G,224
G,225
G,226
G,227
G,228
G,229
G,230
G,231
Y,232
N,233
R,234
S,235
S,236
G,237
G,238
Y,239
E,240
P,241
R,242
G,243
R,244
G,245
G,246
G,247
R,248
G,249
G,250
R,251
G,252
G,253
M,254
G,255
G,256
S,257
D,258
R,259
G,260
G,261
F,262
N,263
K,264
F,265
G,266
G,267
P,268
R,269
D,270
Q,271
G,272
S,273
R,274
H,275
D,276
S,277
E,278
Q,279
D,280
N,281
S,282
D,283
N,284
N,285
T,286
I,287
F,288
V,289
Q,290
G,291
L,292
G,293
E,294
N,295
V,296
T,297
I,298
E,299
S,300
V,301
A,302
D,303
Y,304
F,305
K,306
Q,307
I,308
G,309
I,310
I,311
K,312
T,313
N,314
K,315
K,316
T,317
G,318
Q,319
P,320
M,321
I,322
N,323
L,324
Y,325
T,326
D,327
R,328
E,329
T,330
G,331
K,332
L,333
K,334
G,335
E,336
A,337
T,338
V,339
S,340
F,341
D,342
D,343
P,344
P,345
S,346
A,347
K,348
A,349
A,350
I,351
D,352
W,353
F,354
D,355
G,356
K,357
E,358
F,359
S,360
G,361
N,362
P,363
I,364
K,365
V,366
S,367
F,368
A,369
T,370
R,371
R,372
A,373
D,374
F,375
N,376
R,377
G,378
G,379
G,380
N,381
G,382
R,383
G,384
G,385
R,386
G,387
R,388
G,389
G,390
P,391
M,392
G,393
R,394
G,395
G,396
Y,397
G,398
G,399
G,400
G,401
S,402
G,403
G,404
G,405
G,406
R,407
G,408
G,409
F,410
P,411
S,412
G,413
G,414
G,415
G,416
G,417
G,418
G,419
Q,420
Q,421
R,422
A,423
G,424
D,425
W,426
K,427
C,428
P,429
N,430
P,431
T,432
C,433
E,434
N,435
M,436
N,437
F,438
S,439
W,440
R,441
N,442
E,443
C,444
N,445
Q,446
C,447
K,448
A,449
P,450
K,451
P,452
D,453
G,454
P,455
G,456
G,457
G,458
P,459
G,460
G,461
S,462
H,463
M,464
G,465
G,466
N,467
Y,468
G,469
D,470
D,471
R,472
R,473
G,474
G,475
R,476
G,477
G,478
Y,479
D,480
R,481
G,482
G,483
Y,484
R,485
G,486
R,487
G,488
G,489
D,490
R,491
G,492
G,493
F,494
R,495
G,496
G,497
R,498
G,499
G,500
G,501
D,502
R,503
G,504
G,505
F,506
G,507
P,508
G,509
K,510
M,511
D,512
S,513
R,514
G,515
E,516
H,517
R,518
Q,519
D,520
R,521
R,522
E,523
R,524
P,525
Y,526
